{
  "framework": "dann",
  "split": "source_val",
  "loss": 0.5130742641631514,
  "accuracy": 0.8339032730825598,
  "precision": 0.8601043585315186,
  "recall": 0.8339032730825598,
  "f1": 0.8308393566397229,
  "target_eval": {
    "loss": 0.5130742641631514,
    "accuracy": 0.8339032730825598,
    "precision": 0.8601043585315186,
    "recall": 0.8339032730825598,
    "f1": 0.8308393566397229
  },
  "primary_split": "target_eval"
}